index,lang_id
1,xho
2,xho
3,ven
4,ssw
5,xho
6,nso
7,xho
8,sot
9,zul
10,xho
11,nso
12,tso
13,sot
14,sot
15,tso
16,xho
17,xho
18,xho
19,afr
20,xho
21,afr
22,ven
23,zul
24,afr
25,sot
26,zul
27,sot
28,afr
29,nso
30,tso
31,zul
32,xho
33,sot
34,nso
35,xho
36,afr
37,nso
38,xho
39,sot
40,eng
41,xho
42,xho
43,ven
44,nbl
45,afr
46,ven
47,xho
48,ven
49,nbl
50,zul
51,sot
52,xho
53,sot
54,sot
55,zul
56,ven
57,nbl
58,xho
59,ssw
60,sot
61,afr
62,tso
63,afr
64,xho
65,xho
66,xho
67,sot
68,nso
69,nso
70,xho
71,xho
72,tso
73,xho
74,nso
75,afr
76,ven
77,xho
78,tso
79,xho
80,ssw
81,sot
82,xho
83,xho
84,tsn
85,afr
86,nso
87,sot
88,tso
89,tso
90,xho
91,ssw
92,xho
93,zul
94,sot
95,xho
96,nso
97,afr
98,xho
99,ven
100,nbl
101,xho
102,xho
103,nso
104,zul
105,ven
106,ven
107,xho
108,nso
109,sot
110,sot
111,xho
112,zul
113,xho
114,xho
115,zul
116,sot
117,afr
118,xho
119,eng
120,eng
121,sot
122,eng
123,zul
124,tso
125,nso
126,afr
127,xho
128,tso
129,tso
130,sot
131,tso
132,ven
133,zul
134,sot
135,xho
136,xho
137,zul
138,sot
139,ssw
140,afr
141,sot
142,sot
143,nbl
144,nso
145,nbl
146,ven
147,nso
148,sot
149,xho
150,ven
151,tsn
152,xho
153,xho
154,sot
155,xho
156,ven
157,xho
158,sot
159,eng
160,sot
161,zul
162,tso
163,tsn
164,xho
165,xho
166,sot
167,xho
168,ssw
169,eng
170,nbl
171,zul
172,nso
173,zul
174,afr
175,ven
176,nso
177,afr
178,xho
179,tso
180,xho
181,sot
182,nso
183,xho
184,ssw
185,sot
186,sot
187,zul
188,xho
189,zul
190,nbl
191,xho
192,tso
193,sot
194,eng
195,zul
196,sot
197,sot
198,nbl
199,zul
200,eng
201,nso
202,afr
203,nbl
204,ven
205,nbl
206,afr
207,xho
208,ven
209,tsn
210,ssw
211,zul
212,tso
213,afr
214,nbl
215,ven
216,afr
217,xho
218,tso
219,afr
220,eng
221,tso
222,ven
223,afr
224,eng
225,eng
226,tsn
227,nso
228,eng
229,xho
230,nso
231,xho
232,ven
233,ven
234,sot
235,xho
236,zul
237,sot
238,tso
239,sot
240,nso
241,afr
242,xho
243,zul
244,nbl
245,ssw
246,xho
247,xho
248,nso
249,zul
250,xho
251,zul
252,sot
253,sot
254,afr
255,zul
256,zul
257,nso
258,xho
259,xho
260,tsn
261,zul
262,xho
263,xho
264,sot
265,nbl
266,xho
267,ven
268,ssw
269,xho
270,afr
271,nso
272,afr
273,ssw
274,nso
275,xho
276,sot
277,ven
278,xho
279,sot
280,zul
281,xho
282,nso
283,zul
284,xho
285,eng
286,xho
287,tsn
288,zul
289,xho
290,sot
291,nso
292,nso
293,tso
294,nso
295,sot
296,xho
297,xho
298,sot
299,zul
300,sot
301,zul
302,afr
303,xho
304,xho
305,xho
306,eng
307,nso
308,sot
309,ven
310,xho
311,xho
312,zul
313,tso
314,zul
315,afr
316,tsn
317,afr
318,xho
319,xho
320,xho
321,xho
322,xho
323,sot
324,tsn
325,xho
326,afr
327,xho
328,sot
329,ven
330,afr
331,nbl
332,xho
333,xho
334,ssw
335,sot
336,afr
337,afr
338,ven
339,tso
340,sot
341,nso
342,xho
343,zul
344,ven
345,tso
346,xho
347,tso
348,tso
349,xho
350,afr
351,xho
352,afr
353,nso
354,nso
355,sot
356,ssw
357,xho
358,nso
359,tsn
360,zul
361,afr
362,tso
363,xho
364,tso
365,tso
366,xho
367,zul
368,xho
369,eng
370,afr
371,xho
372,afr
373,ven
374,xho
375,xho
376,sot
377,nso
378,zul
379,nso
380,nso
381,tso
382,tsn
383,xho
384,tsn
385,afr
386,xho
387,xho
388,sot
389,zul
390,sot
391,sot
392,afr
393,xho
394,nso
395,nbl
396,nso
397,xho
398,sot
399,afr
400,xho
401,sot
402,tso
403,nso
404,nso
405,eng
406,nso
407,eng
408,nbl
409,nso
410,zul
411,xho
412,ssw
413,nso
414,nso
415,xho
416,tsn
417,xho
418,nbl
419,tso
420,tso
421,xho
422,ven
423,ven
424,xho
425,ven
426,afr
427,sot
428,nbl
429,ssw
430,zul
431,nso
432,afr
433,xho
434,tsn
435,afr
436,ven
437,afr
438,tso
439,xho
440,ven
441,nso
442,xho
443,sot
444,xho
445,xho
446,zul
447,tso
448,zul
449,sot
450,nbl
451,xho
452,nbl
453,ven
454,eng
455,sot
456,ven
457,xho
458,xho
459,sot
460,ssw
461,ven
462,eng
463,xho
464,sot
465,ven
466,xho
467,ssw
468,xho
469,zul
470,nbl
471,xho
472,xho
473,eng
474,afr
475,nso
476,xho
477,xho
478,nso
479,sot
480,tso
481,zul
482,tso
483,afr
484,zul
485,sot
486,ssw
487,eng
488,ven
489,nso
490,nso
491,nso
492,nso
493,xho
494,ven
495,nso
496,ven
497,xho
498,xho
499,zul
500,tso
501,nbl
502,xho
503,nbl
504,tsn
505,nso
506,afr
507,xho
508,sot
509,afr
510,afr
511,afr
512,nbl
513,eng
514,sot
515,afr
516,tsn
517,eng
518,zul
519,tso
520,ven
521,xho
522,xho
523,ven
524,tsn
525,afr
526,ssw
527,xho
528,nbl
529,sot
530,zul
531,nso
532,afr
533,tsn
534,sot
535,sot
536,tso
537,sot
538,xho
539,ven
540,xho
541,xho
542,xho
543,tso
544,xho
545,ssw
546,tso
547,xho
548,eng
549,nso
550,sot
551,tsn
552,eng
553,zul
554,nbl
555,ven
556,xho
557,sot
558,ven
559,xho
560,nbl
561,tsn
562,xho
563,afr
564,zul
565,ssw
566,xho
567,xho
568,sot
569,xho
570,afr
571,xho
572,sot
573,sot
574,ssw
575,sot
576,ssw
577,nbl
578,nbl
579,afr
580,xho
581,xho
582,sot
583,xho
584,ven
585,afr
586,ven
587,eng
588,eng
589,afr
590,eng
591,xho
592,sot
593,ven
594,afr
595,nso
596,ven
597,ssw
598,ven
599,ven
600,afr
601,xho
602,afr
603,nso
604,nso
605,tso
606,xho
607,sot
608,afr
609,xho
610,xho
611,sot
612,sot
613,ssw
614,xho
615,afr
616,tso
617,tsn
618,ven
619,xho
620,tso
621,tso
622,nbl
623,xho
624,xho
625,tsn
626,zul
627,xho
628,ven
629,ven
630,zul
631,xho
632,xho
633,ssw
634,sot
635,afr
636,xho
637,nbl
638,eng
639,sot
640,sot
641,xho
642,tso
643,tsn
644,tso
645,tsn
646,eng
647,xho
648,afr
649,tso
650,sot
651,xho
652,xho
653,ven
654,nso
655,ven
656,afr
657,sot
658,sot
659,sot
660,zul
661,xho
662,afr
663,tsn
664,tso
665,ven
666,nbl
667,sot
668,xho
669,sot
670,xho
671,nso
672,afr
673,tso
674,tsn
675,xho
676,nbl
677,afr
678,afr
679,xho
680,nso
681,xho
682,xho
683,xho
684,xho
685,sot
686,xho
687,nbl
688,afr
689,nso
690,afr
691,eng
692,afr
693,tsn
694,afr
695,xho
696,zul
697,tso
698,nso
699,tsn
700,xho
701,sot
702,tso
703,tsn
704,xho
705,sot
706,sot
707,xho
708,nso
709,xho
710,nso
711,sot
712,xho
713,xho
714,tso
715,ven
716,sot
717,tso
718,tso
719,afr
720,eng
721,ven
722,afr
723,xho
724,sot
725,xho
726,xho
727,nso
728,nbl
729,sot
730,xho
731,xho
732,sot
733,sot
734,tsn
735,eng
736,afr
737,ssw
738,eng
739,afr
740,sot
741,xho
742,sot
743,sot
744,tsn
745,eng
746,tsn
747,xho
748,tso
749,ven
750,ssw
751,xho
752,afr
753,xho
754,tsn
755,eng
756,nso
757,nbl
758,tso
759,tso
760,ssw
761,afr
762,sot
763,nso
764,xho
765,xho
766,nso
767,nso
768,nso
769,sot
770,xho
771,eng
772,tsn
773,xho
774,afr
775,eng
776,tso
777,tsn
778,xho
779,afr
780,tsn
781,nbl
782,nbl
783,afr
784,nso
785,sot
786,afr
787,xho
788,nso
789,nso
790,tso
791,zul
792,xho
793,xho
794,tso
795,eng
796,xho
797,xho
798,xho
799,xho
800,ssw
801,xho
802,afr
803,tsn
804,nso
805,xho
806,tso
807,sot
808,xho
809,nbl
810,zul
811,eng
812,nso
813,zul
814,ven
815,nbl
816,nso
817,xho
818,tsn
819,afr
820,xho
821,afr
822,ven
823,nso
824,xho
825,xho
826,sot
827,sot
828,nso
829,ven
830,xho
831,xho
832,xho
833,ssw
834,ssw
835,eng
836,xho
837,afr
838,afr
839,tsn
840,nso
841,xho
842,ven
843,xho
844,sot
845,xho
846,ven
847,ven
848,xho
849,sot
850,ven
851,sot
852,zul
853,ven
854,xho
855,ven
856,sot
857,afr
858,nbl
859,xho
860,afr
861,zul
862,tsn
863,ven
864,sot
865,xho
866,xho
867,ssw
868,afr
869,nso
870,ven
871,sot
872,nbl
873,ven
874,tso
875,nso
876,sot
877,xho
878,afr
879,xho
880,xho
881,xho
882,afr
883,ven
884,nso
885,xho
886,nbl
887,xho
888,nso
889,afr
890,afr
891,sot
892,tsn
893,tso
894,tsn
895,afr
896,sot
897,ven
898,xho
899,eng
900,xho
901,zul
902,xho
903,xho
904,xho
905,sot
906,ven
907,xho
908,xho
909,xho
910,ven
911,xho
912,eng
913,afr
914,xho
915,nso
916,tsn
917,ven
918,ssw
919,tsn
920,sot
921,sot
922,xho
923,xho
924,afr
925,sot
926,ven
927,sot
928,nso
929,afr
930,xho
931,xho
932,tso
933,ven
934,sot
935,tso
936,xho
937,nbl
938,zul
939,sot
940,tso
941,afr
942,xho
943,tso
944,xho
945,nso
946,afr
947,ven
948,nso
949,ven
950,sot
951,ssw
952,xho
953,sot
954,zul
955,eng
956,sot
957,xho
958,nbl
959,ven
960,ssw
961,nso
962,tso
963,xho
964,tso
965,afr
966,tsn
967,afr
968,tso
969,tsn
970,zul
971,xho
972,sot
973,nso
974,zul
975,sot
976,sot
977,tsn
978,ssw
979,xho
980,xho
981,tso
982,xho
983,afr
984,xho
985,xho
986,ssw
987,ven
988,xho
989,afr
990,ven
991,nbl
992,xho
993,sot
994,tso
995,afr
996,ven
997,nso
998,afr
999,ssw
1000,afr
1001,xho
1002,tso
1003,tsn
1004,sot
1005,afr
1006,xho
1007,sot
1008,xho
1009,zul
1010,xho
1011,xho
1012,xho
1013,ven
1014,xho
1015,afr
1016,tsn
1017,sot
1018,afr
1019,xho
1020,tso
1021,tsn
1022,tsn
1023,afr
1024,tso
1025,nbl
1026,afr
1027,sot
1028,xho
1029,ssw
1030,xho
1031,xho
1032,sot
1033,xho
1034,tso
1035,xho
1036,nso
1037,nbl
1038,nso
1039,nso
1040,afr
1041,tso
1042,xho
1043,zul
1044,nso
1045,tso
1046,afr
1047,xho
1048,eng
1049,sot
1050,ssw
1051,zul
1052,nso
1053,nso
1054,sot
1055,nso
1056,eng
1057,sot
1058,sot
1059,sot
1060,xho
1061,eng
1062,xho
1063,xho
1064,tsn
1065,tsn
1066,xho
1067,tso
1068,xho
1069,xho
1070,tsn
1071,tsn
1072,sot
1073,tso
1074,eng
1075,sot
1076,sot
1077,zul
1078,xho
1079,xho
1080,sot
1081,xho
1082,ven
1083,xho
1084,tsn
1085,zul
1086,sot
1087,ven
1088,ssw
1089,nso
1090,xho
1091,tso
1092,zul
1093,ven
1094,tso
1095,xho
1096,xho
1097,ven
1098,tso
1099,xho
1100,sot
1101,xho
1102,zul
1103,zul
1104,sot
1105,nso
1106,xho
1107,nso
1108,nso
1109,ven
1110,ven
1111,xho
1112,nbl
1113,tso
1114,tso
1115,afr
1116,afr
1117,eng
1118,tso
1119,tsn
1120,ven
1121,nso
1122,tsn
1123,nso
1124,xho
1125,sot
1126,tso
1127,ven
1128,tso
1129,afr
1130,tso
1131,sot
1132,afr
1133,afr
1134,xho
1135,tsn
1136,xho
1137,sot
1138,zul
1139,ven
1140,eng
1141,tso
1142,afr
1143,zul
1144,tso
1145,tso
1146,sot
1147,ven
1148,tsn
1149,nso
1150,xho
1151,ven
1152,xho
1153,nso
1154,xho
1155,xho
1156,xho
1157,sot
1158,nso
1159,tso
1160,xho
1161,sot
1162,xho
1163,xho
1164,tso
1165,eng
1166,xho
1167,xho
1168,xho
1169,tso
1170,xho
1171,sot
1172,tsn
1173,xho
1174,nbl
1175,eng
1176,ssw
1177,nso
1178,nbl
1179,eng
1180,xho
1181,xho
1182,nso
1183,nso
1184,nso
1185,tsn
1186,xho
1187,ven
1188,sot
1189,nso
1190,nso
1191,nso
1192,ven
1193,eng
1194,xho
1195,nso
1196,afr
1197,ssw
1198,sot
1199,zul
1200,zul
1201,tso
1202,tso
1203,nso
1204,xho
1205,tsn
1206,afr
1207,xho
1208,tsn
1209,nso
1210,xho
1211,sot
1212,nso
1213,xho
1214,sot
1215,eng
1216,xho
1217,afr
1218,ssw
1219,xho
1220,afr
1221,tso
1222,tsn
1223,afr
1224,zul
1225,xho
1226,zul
1227,nso
1228,nbl
1229,eng
1230,nbl
1231,xho
1232,xho
1233,ven
1234,sot
1235,sot
1236,ven
1237,afr
1238,afr
1239,xho
1240,sot
1241,afr
1242,ssw
1243,afr
1244,afr
1245,xho
1246,sot
1247,eng
1248,sot
1249,xho
1250,nso
1251,xho
1252,zul
1253,nso
1254,tso
1255,nso
1256,ven
1257,nso
1258,sot
1259,xho
1260,xho
1261,afr
1262,tsn
1263,xho
1264,xho
1265,afr
1266,nbl
1267,tso
1268,nso
1269,nbl
1270,ven
1271,zul
1272,xho
1273,xho
1274,xho
1275,ssw
1276,xho
1277,xho
1278,xho
1279,eng
1280,tso
1281,xho
1282,eng
1283,xho
1284,ven
1285,afr
1286,sot
1287,nso
1288,xho
1289,sot
1290,afr
1291,afr
1292,afr
1293,xho
1294,ven
1295,afr
1296,xho
1297,xho
1298,sot
1299,tsn
1300,nso
1301,nbl
1302,ssw
1303,xho
1304,ven
1305,sot
1306,tsn
1307,afr
1308,ssw
1309,afr
1310,sot
1311,nso
1312,xho
1313,nso
1314,zul
1315,tso
1316,nbl
1317,sot
1318,nbl
1319,nso
1320,sot
1321,afr
1322,nso
1323,afr
1324,ssw
1325,sot
1326,afr
1327,afr
1328,tso
1329,sot
1330,sot
1331,xho
1332,zul
1333,tso
1334,sot
1335,nbl
1336,xho
1337,xho
1338,ssw
1339,afr
1340,nso
1341,ven
1342,sot
1343,nso
1344,nso
1345,sot
1346,nbl
1347,tsn
1348,tsn
1349,tsn
1350,xho
1351,tso
1352,xho
1353,sot
1354,xho
1355,ven
1356,xho
1357,xho
1358,sot
1359,zul
1360,xho
1361,xho
1362,xho
1363,sot
1364,afr
1365,sot
1366,ven
1367,nso
1368,tso
1369,xho
1370,tsn
1371,eng
1372,ven
1373,xho
1374,xho
1375,xho
1376,ven
1377,xho
1378,tsn
1379,sot
1380,nbl
1381,sot
1382,xho
1383,ven
1384,sot
1385,ssw
1386,xho
1387,ven
1388,ven
1389,tsn
1390,afr
1391,ssw
1392,afr
1393,ven
1394,tso
1395,tsn
1396,xho
1397,xho
1398,nbl
1399,sot
1400,nso
1401,zul
1402,nso
1403,xho
1404,afr
1405,xho
1406,nso
1407,sot
1408,xho
1409,tso
1410,afr
1411,ssw
1412,tsn
1413,nbl
1414,sot
1415,afr
1416,tso
1417,tsn
1418,nso
1419,zul
1420,nso
1421,xho
1422,tsn
1423,afr
1424,tsn
1425,ven
1426,xho
1427,sot
1428,ven
1429,nso
1430,xho
1431,afr
1432,ven
1433,tso
1434,xho
1435,tso
1436,xho
1437,nbl
1438,nso
1439,ven
1440,tsn
1441,ssw
1442,zul
1443,ssw
1444,nso
1445,xho
1446,afr
1447,xho
1448,sot
1449,xho
1450,xho
1451,ven
1452,sot
1453,xho
1454,ven
1455,nso
1456,xho
1457,xho
1458,ven
1459,afr
1460,xho
1461,xho
1462,xho
1463,zul
1464,ssw
1465,eng
1466,xho
1467,afr
1468,tsn
1469,sot
1470,nbl
1471,xho
1472,afr
1473,zul
1474,tso
1475,nbl
1476,sot
1477,tsn
1478,ven
1479,afr
1480,xho
1481,afr
1482,afr
1483,afr
1484,nbl
1485,sot
1486,sot
1487,tso
1488,zul
1489,afr
1490,xho
1491,xho
1492,ssw
1493,ssw
1494,xho
1495,ven
1496,xho
1497,sot
1498,afr
1499,xho
1500,ven
1501,eng
1502,ssw
1503,ssw
1504,xho
1505,sot
1506,ven
1507,ssw
1508,ven
1509,sot
1510,sot
1511,ven
1512,zul
1513,ssw
1514,xho
1515,eng
1516,xho
1517,xho
1518,tsn
1519,ven
1520,sot
1521,tso
1522,sot
1523,afr
1524,eng
1525,tso
1526,sot
1527,zul
1528,xho
1529,eng
1530,afr
1531,xho
1532,xho
1533,xho
1534,sot
1535,ven
1536,sot
1537,nso
1538,afr
1539,tso
1540,tso
1541,ven
1542,nbl
1543,ssw
1544,zul
1545,xho
1546,xho
1547,afr
1548,xho
1549,sot
1550,ven
1551,sot
1552,eng
1553,ven
1554,sot
1555,ven
1556,xho
1557,xho
1558,ssw
1559,sot
1560,xho
1561,nbl
1562,xho
1563,ven
1564,nso
1565,ven
1566,xho
1567,tso
1568,ssw
1569,nso
1570,xho
1571,sot
1572,xho
1573,xho
1574,nbl
1575,ven
1576,xho
1577,xho
1578,afr
1579,ssw
1580,xho
1581,eng
1582,nso
1583,afr
1584,zul
1585,xho
1586,zul
1587,xho
1588,ven
1589,zul
1590,sot
1591,eng
1592,nso
1593,nso
1594,xho
1595,ssw
1596,tsn
1597,nbl
1598,zul
1599,sot
1600,zul
1601,xho
1602,zul
1603,zul
1604,xho
1605,sot
1606,xho
1607,sot
1608,zul
1609,tsn
1610,zul
1611,xho
1612,zul
1613,tsn
1614,xho
1615,nso
1616,sot
1617,tso
1618,zul
1619,zul
1620,nbl
1621,nso
1622,xho
1623,xho
1624,xho
1625,zul
1626,ven
1627,zul
1628,ssw
1629,afr
1630,xho
1631,eng
1632,xho
1633,xho
1634,xho
1635,xho
1636,xho
1637,ven
1638,zul
1639,sot
1640,afr
1641,nbl
1642,tso
1643,eng
1644,afr
1645,ven
1646,tso
1647,nso
1648,xho
1649,ssw
1650,xho
1651,tso
1652,nso
1653,xho
1654,nso
1655,xho
1656,sot
1657,tso
1658,afr
1659,afr
1660,xho
1661,tso
1662,afr
1663,xho
1664,sot
1665,xho
1666,tsn
1667,afr
1668,xho
1669,nso
1670,sot
1671,afr
1672,xho
1673,ven
1674,sot
1675,afr
1676,xho
1677,afr
1678,nso
1679,xho
1680,tsn
1681,tso
1682,sot
1683,afr
1684,ven
1685,zul
1686,sot
1687,ven
1688,zul
1689,afr
1690,zul
1691,afr
1692,zul
1693,xho
1694,sot
1695,sot
1696,afr
1697,xho
1698,nbl
1699,tso
1700,ssw
1701,xho
1702,ven
1703,zul
1704,tsn
1705,nso
1706,xho
1707,sot
1708,zul
1709,xho
1710,afr
1711,ssw
1712,afr
1713,tsn
1714,xho
1715,ven
1716,xho
1717,tsn
1718,nbl
1719,zul
1720,ssw
1721,xho
1722,ven
1723,sot
1724,ven
1725,sot
1726,ven
1727,nso
1728,zul
1729,sot
1730,nbl
1731,ven
1732,afr
1733,eng
1734,xho
1735,xho
1736,xho
1737,sot
1738,xho
1739,ven
1740,ven
1741,xho
1742,xho
1743,xho
1744,tsn
1745,sot
1746,xho
1747,sot
1748,xho
1749,nso
1750,nso
1751,xho
1752,zul
1753,tso
1754,afr
1755,sot
1756,ven
1757,ven
1758,tso
1759,afr
1760,nso
1761,tsn
1762,xho
1763,xho
1764,nso
1765,ssw
1766,xho
1767,afr
1768,nbl
1769,xho
1770,zul
1771,xho
1772,sot
1773,ven
1774,nbl
1775,xho
1776,tso
1777,ven
1778,tso
1779,sot
1780,xho
1781,tso
1782,ven
1783,nso
1784,nso
1785,tso
1786,xho
1787,nbl
1788,xho
1789,tsn
1790,xho
1791,afr
1792,ssw
1793,tsn
1794,tsn
1795,ssw
1796,zul
1797,xho
1798,zul
1799,ssw
1800,eng
1801,zul
1802,ven
1803,nso
1804,sot
1805,sot
1806,nbl
1807,ven
1808,sot
1809,xho
1810,ven
1811,xho
1812,ssw
1813,xho
1814,ven
1815,sot
1816,tso
1817,xho
1818,nso
1819,xho
1820,xho
1821,afr
1822,nbl
1823,afr
1824,tsn
1825,xho
1826,xho
1827,xho
1828,xho
1829,ssw
1830,xho
1831,tso
1832,tso
1833,sot
1834,tsn
1835,xho
1836,ssw
1837,xho
1838,sot
1839,afr
1840,sot
1841,xho
1842,nso
1843,nbl
1844,afr
1845,xho
1846,xho
1847,xho
1848,nso
1849,tsn
1850,xho
1851,nso
1852,nso
1853,afr
1854,nso
1855,sot
1856,afr
1857,xho
1858,xho
1859,nso
1860,xho
1861,nbl
1862,nbl
1863,tso
1864,ssw
1865,eng
1866,ven
1867,zul
1868,xho
1869,ssw
1870,xho
1871,xho
1872,sot
1873,nbl
1874,ven
1875,tso
1876,tsn
1877,ven
1878,xho
1879,xho
1880,xho
1881,sot
1882,ven
1883,nso
1884,ven
1885,sot
1886,xho
1887,sot
1888,nso
1889,sot
1890,ven
1891,sot
1892,eng
1893,xho
1894,nbl
1895,afr
1896,xho
1897,sot
1898,ven
1899,nso
1900,sot
1901,xho
1902,ven
1903,tsn
1904,tsn
1905,sot
1906,xho
1907,sot
1908,ven
1909,xho
1910,nbl
1911,nso
1912,ven
1913,afr
1914,afr
1915,xho
1916,xho
1917,xho
1918,nbl
1919,tso
1920,sot
1921,xho
1922,tsn
1923,sot
1924,zul
1925,xho
1926,sot
1927,ven
1928,afr
1929,ven
1930,sot
1931,sot
1932,sot
1933,ven
1934,xho
1935,zul
1936,ssw
1937,xho
1938,nso
1939,afr
1940,afr
1941,xho
1942,ssw
1943,nbl
1944,xho
1945,xho
1946,ven
1947,nso
1948,xho
1949,xho
1950,xho
1951,afr
1952,nso
1953,nso
1954,xho
1955,nbl
1956,xho
1957,nbl
1958,ven
1959,sot
1960,afr
1961,sot
1962,afr
1963,tso
1964,ssw
1965,xho
1966,xho
1967,xho
1968,sot
1969,sot
1970,afr
1971,xho
1972,sot
1973,ssw
1974,zul
1975,sot
1976,nso
1977,zul
1978,afr
1979,nso
1980,sot
1981,nso
1982,xho
1983,nso
1984,tsn
1985,xho
1986,ven
1987,nso
1988,xho
1989,sot
1990,xho
1991,ssw
1992,tso
1993,tso
1994,nso
1995,ven
1996,ven
1997,zul
1998,eng
1999,xho
2000,xho
2001,ven
2002,ven
2003,nso
2004,xho
2005,xho
2006,xho
2007,tso
2008,xho
2009,sot
2010,tsn
2011,xho
2012,zul
2013,ven
2014,afr
2015,zul
2016,nso
2017,xho
2018,afr
2019,xho
2020,zul
2021,sot
2022,sot
2023,tso
2024,nbl
2025,xho
2026,xho
2027,nso
2028,nso
2029,xho
2030,tso
2031,xho
2032,xho
2033,ven
2034,tso
2035,xho
2036,tso
2037,sot
2038,tso
2039,xho
2040,sot
2041,afr
2042,nso
2043,nso
2044,xho
2045,nso
2046,nso
2047,xho
2048,nso
2049,afr
2050,afr
2051,ssw
2052,eng
2053,tsn
2054,sot
2055,nso
2056,afr
2057,eng
2058,nso
2059,nbl
2060,afr
2061,tso
2062,xho
2063,tso
2064,zul
2065,eng
2066,xho
2067,xho
2068,tsn
2069,xho
2070,xho
2071,sot
2072,sot
2073,sot
2074,nso
2075,sot
2076,eng
2077,afr
2078,ven
2079,zul
2080,xho
2081,afr
2082,sot
2083,afr
2084,eng
2085,xho
2086,nbl
2087,sot
2088,xho
2089,sot
2090,ssw
2091,nbl
2092,sot
2093,ven
2094,nbl
2095,xho
2096,xho
2097,xho
2098,ven
2099,xho
2100,sot
2101,nso
2102,xho
2103,eng
2104,tso
2105,afr
2106,xho
2107,ssw
2108,ven
2109,tso
2110,zul
2111,zul
2112,afr
2113,afr
2114,sot
2115,nso
2116,nbl
2117,nso
2118,sot
2119,sot
2120,xho
2121,sot
2122,sot
2123,ven
2124,xho
2125,sot
2126,afr
2127,afr
2128,tso
2129,nbl
2130,tso
2131,sot
2132,nso
2133,nso
2134,tsn
2135,sot
2136,ssw
2137,afr
2138,eng
2139,sot
2140,afr
2141,nso
2142,sot
2143,xho
2144,tso
2145,ven
2146,xho
2147,sot
2148,tso
2149,zul
2150,xho
2151,xho
2152,tso
2153,ven
2154,nso
2155,zul
2156,xho
2157,xho
2158,xho
2159,nso
2160,zul
2161,afr
2162,nso
2163,xho
2164,xho
2165,zul
2166,ven
2167,xho
2168,tso
2169,nbl
2170,nso
2171,ssw
2172,tso
2173,tsn
2174,nso
2175,ven
2176,afr
2177,ven
2178,ven
2179,nso
2180,xho
2181,xho
2182,sot
2183,tso
2184,xho
2185,sot
2186,nso
2187,tsn
2188,xho
2189,nbl
2190,ssw
2191,ssw
2192,afr
2193,sot
2194,tso
2195,ven
2196,nso
2197,tso
2198,tso
2199,afr
2200,xho
2201,xho
2202,afr
2203,sot
2204,sot
2205,nbl
2206,tsn
2207,zul
2208,xho
2209,sot
2210,ssw
2211,afr
2212,ssw
2213,ven
2214,sot
2215,nso
2216,nso
2217,tso
2218,afr
2219,tsn
2220,xho
2221,nso
2222,xho
2223,nso
2224,xho
2225,ssw
2226,sot
2227,xho
2228,sot
2229,xho
2230,afr
2231,tsn
2232,zul
2233,xho
2234,eng
2235,zul
2236,afr
2237,xho
2238,zul
2239,xho
2240,ssw
2241,eng
2242,ven
2243,afr
2244,zul
2245,xho
2246,xho
2247,xho
2248,xho
2249,xho
2250,xho
2251,sot
2252,xho
2253,nso
2254,eng
2255,tsn
2256,nbl
2257,sot
2258,sot
2259,tsn
2260,ssw
2261,ven
2262,ven
2263,nso
2264,tsn
2265,afr
2266,tso
2267,sot
2268,afr
2269,ven
2270,sot
2271,sot
2272,sot
2273,tsn
2274,xho
2275,nso
2276,xho
2277,sot
2278,afr
2279,nbl
2280,zul
2281,ven
2282,tso
2283,eng
2284,zul
2285,xho
2286,xho
2287,sot
2288,eng
2289,nso
2290,nbl
2291,tso
2292,afr
2293,xho
2294,nso
2295,ssw
2296,xho
2297,afr
2298,sot
2299,sot
2300,ven
2301,sot
2302,afr
2303,xho
2304,sot
2305,afr
2306,xho
2307,sot
2308,afr
2309,tsn
2310,xho
2311,zul
2312,sot
2313,ven
2314,xho
2315,nso
2316,afr
2317,xho
2318,xho
2319,sot
2320,afr
2321,sot
2322,sot
2323,xho
2324,tso
2325,ven
2326,xho
2327,nso
2328,ssw
2329,xho
2330,zul
2331,xho
2332,sot
2333,xho
2334,tsn
2335,xho
2336,ven
2337,xho
2338,sot
2339,nso
2340,sot
2341,xho
2342,sot
2343,xho
2344,xho
2345,nso
2346,sot
2347,ven
2348,zul
2349,zul
2350,xho
2351,nbl
2352,sot
2353,afr
2354,zul
2355,ssw
2356,nso
2357,xho
2358,tso
2359,xho
2360,xho
2361,xho
2362,zul
2363,nso
2364,xho
2365,xho
2366,zul
2367,nso
2368,ssw
2369,afr
2370,zul
2371,nso
2372,afr
2373,xho
2374,zul
2375,ssw
2376,nbl
2377,afr
2378,tso
2379,afr
2380,xho
2381,ven
2382,zul
2383,xho
2384,afr
2385,nso
2386,nso
2387,sot
2388,xho
2389,xho
2390,xho
2391,zul
2392,xho
2393,xho
2394,ssw
2395,eng
2396,sot
2397,nso
2398,afr
2399,sot
2400,sot
2401,xho
2402,sot
2403,ven
2404,afr
2405,afr
2406,ssw
2407,afr
2408,afr
2409,sot
2410,xho
2411,afr
2412,afr
2413,sot
2414,tsn
2415,nso
2416,tsn
2417,ven
2418,nbl
2419,ven
2420,sot
2421,sot
2422,nso
2423,tso
2424,tsn
2425,afr
2426,xho
2427,afr
2428,sot
2429,sot
2430,nso
2431,xho
2432,xho
2433,nbl
2434,ssw
2435,nso
2436,xho
2437,xho
2438,nbl
2439,sot
2440,xho
2441,xho
2442,xho
2443,xho
2444,nso
2445,nbl
2446,afr
2447,nso
2448,sot
2449,nbl
2450,afr
2451,xho
2452,afr
2453,nbl
2454,eng
2455,ven
2456,sot
2457,xho
2458,nbl
2459,sot
2460,afr
2461,afr
2462,nso
2463,nso
2464,xho
2465,xho
2466,nbl
2467,ven
2468,afr
2469,tso
2470,xho
2471,afr
2472,xho
2473,ven
2474,ssw
2475,xho
2476,xho
2477,xho
2478,xho
2479,ven
2480,nbl
2481,xho
2482,nbl
2483,xho
2484,tso
2485,xho
2486,ven
2487,xho
2488,xho
2489,xho
2490,ven
2491,xho
2492,afr
2493,sot
2494,sot
2495,nso
2496,xho
2497,xho
2498,xho
2499,ven
2500,xho
2501,xho
2502,xho
2503,afr
2504,sot
2505,nbl
2506,sot
2507,ssw
2508,afr
2509,xho
2510,afr
2511,eng
2512,tso
2513,nso
2514,xho
2515,xho
2516,nso
2517,ven
2518,nso
2519,zul
2520,xho
2521,sot
2522,afr
2523,xho
2524,sot
2525,ven
2526,sot
2527,sot
2528,tso
2529,xho
2530,xho
2531,eng
2532,afr
2533,sot
2534,zul
2535,zul
2536,tso
2537,nso
2538,afr
2539,tso
2540,xho
2541,afr
2542,tsn
2543,xho
2544,xho
2545,ven
2546,sot
2547,tso
2548,ven
2549,afr
2550,xho
2551,nso
2552,nso
2553,sot
2554,tso
2555,xho
2556,sot
2557,sot
2558,nbl
2559,ven
2560,ven
2561,tso
2562,afr
2563,sot
2564,afr
2565,xho
2566,nso
2567,afr
2568,tsn
2569,nso
2570,sot
2571,tsn
2572,ven
2573,ven
2574,xho
2575,xho
2576,sot
2577,xho
2578,eng
2579,sot
2580,nso
2581,ven
2582,nso
2583,eng
2584,ssw
2585,tso
2586,nso
2587,sot
2588,zul
2589,tso
2590,afr
2591,ven
2592,tsn
2593,xho
2594,zul
2595,nbl
2596,xho
2597,afr
2598,xho
2599,sot
2600,xho
2601,nso
2602,xho
2603,xho
2604,afr
2605,afr
2606,eng
2607,tsn
2608,ven
2609,tso
2610,zul
2611,xho
2612,eng
2613,afr
2614,sot
2615,sot
2616,xho
2617,xho
2618,afr
2619,xho
2620,ven
2621,tsn
2622,xho
2623,zul
2624,tso
2625,nso
2626,tso
2627,xho
2628,eng
2629,afr
2630,sot
2631,xho
2632,xho
2633,xho
2634,sot
2635,xho
2636,nbl
2637,xho
2638,nbl
2639,sot
2640,eng
2641,afr
2642,afr
2643,xho
2644,afr
2645,nso
2646,sot
2647,sot
2648,nso
2649,tsn
2650,xho
2651,eng
2652,eng
2653,eng
2654,zul
2655,xho
2656,xho
2657,xho
2658,xho
2659,eng
2660,zul
2661,zul
2662,ven
2663,xho
2664,ven
2665,xho
2666,nso
2667,sot
2668,zul
2669,xho
2670,nso
2671,xho
2672,ven
2673,xho
2674,tsn
2675,ven
2676,xho
2677,tso
2678,ssw
2679,zul
2680,eng
2681,afr
2682,xho
2683,sot
2684,ssw
2685,ven
2686,zul
2687,zul
2688,sot
2689,zul
2690,nso
2691,tso
2692,xho
2693,xho
2694,xho
2695,ven
2696,afr
2697,xho
2698,ven
2699,sot
2700,ven
2701,xho
2702,afr
2703,xho
2704,ven
2705,tso
2706,nso
2707,sot
2708,sot
2709,zul
2710,xho
2711,nbl
2712,xho
2713,tso
2714,nso
2715,ssw
2716,xho
2717,xho
2718,sot
2719,xho
2720,afr
2721,sot
2722,tso
2723,sot
2724,ven
2725,xho
2726,afr
2727,afr
2728,ven
2729,xho
2730,nbl
2731,nso
2732,sot
2733,xho
2734,ven
2735,xho
2736,sot
2737,sot
2738,zul
2739,sot
2740,xho
2741,xho
2742,afr
2743,nso
2744,ssw
2745,tsn
2746,xho
2747,afr
2748,xho
2749,sot
2750,xho
2751,xho
2752,nso
2753,xho
2754,tso
2755,ven
2756,nso
2757,ven
2758,nso
2759,xho
2760,sot
2761,xho
2762,sot
2763,zul
2764,afr
2765,sot
2766,nso
2767,sot
2768,sot
2769,sot
2770,tso
2771,eng
2772,xho
2773,afr
2774,xho
2775,afr
2776,tso
2777,xho
2778,afr
2779,afr
2780,nso
2781,ssw
2782,afr
2783,zul
2784,xho
2785,xho
2786,sot
2787,eng
2788,nbl
2789,ven
2790,ven
2791,nso
2792,afr
2793,ven
2794,ven
2795,tso
2796,tsn
2797,sot
2798,nso
2799,ven
2800,nso
2801,xho
2802,ssw
2803,afr
2804,xho
2805,tsn
2806,sot
2807,xho
2808,ssw
2809,afr
2810,sot
2811,sot
2812,eng
2813,tsn
2814,afr
2815,xho
2816,sot
2817,eng
2818,ssw
2819,tsn
2820,afr
2821,xho
2822,xho
2823,xho
2824,tso
2825,nso
2826,nso
2827,tsn
2828,xho
2829,tso
2830,sot
2831,xho
2832,sot
2833,xho
2834,nso
2835,zul
2836,afr
2837,eng
2838,tso
2839,nso
2840,xho
2841,tsn
2842,xho
2843,sot
2844,xho
2845,sot
2846,afr
2847,nbl
2848,afr
2849,sot
2850,xho
2851,ssw
2852,xho
2853,xho
2854,ven
2855,eng
2856,xho
2857,tso
2858,xho
2859,tsn
2860,xho
2861,sot
2862,sot
2863,xho
2864,xho
2865,xho
2866,afr
2867,xho
2868,xho
2869,xho
2870,xho
2871,afr
2872,ven
2873,sot
2874,ven
2875,xho
2876,ven
2877,eng
2878,nso
2879,xho
2880,sot
2881,ven
2882,xho
2883,tso
2884,xho
2885,sot
2886,xho
2887,nso
2888,xho
2889,xho
2890,tso
2891,nso
2892,nso
2893,ssw
2894,ssw
2895,ven
2896,xho
2897,nbl
2898,xho
2899,xho
2900,sot
2901,nso
2902,sot
2903,tso
2904,xho
2905,sot
2906,nso
2907,xho
2908,xho
2909,afr
2910,sot
2911,nso
2912,nso
2913,afr
2914,xho
2915,ven
2916,ven
2917,ssw
2918,xho
2919,afr
2920,sot
2921,sot
2922,sot
2923,xho
2924,sot
2925,xho
2926,afr
2927,xho
2928,ssw
2929,nbl
2930,nso
2931,xho
2932,afr
2933,xho
2934,xho
2935,nso
2936,nso
2937,sot
2938,tso
2939,nso
2940,afr
2941,nso
2942,xho
2943,afr
2944,ven
2945,sot
2946,sot
2947,afr
2948,nbl
2949,tso
2950,tso
2951,afr
2952,sot
2953,afr
2954,ssw
2955,eng
2956,tsn
2957,zul
2958,tsn
2959,xho
2960,sot
2961,eng
2962,afr
2963,ssw
2964,xho
2965,xho
2966,ven
2967,nso
2968,xho
2969,afr
2970,tso
2971,afr
2972,afr
2973,xho
2974,tso
2975,nso
2976,ssw
2977,xho
2978,tsn
2979,xho
2980,nso
2981,nso
2982,ven
2983,xho
2984,tso
2985,ssw
2986,xho
2987,afr
2988,tso
2989,xho
2990,ven
2991,ven
2992,ssw
2993,xho
2994,sot
2995,ssw
2996,sot
2997,afr
2998,xho
2999,xho
3000,xho
3001,tso
3002,xho
3003,ssw
3004,afr
3005,afr
3006,afr
3007,tsn
3008,xho
3009,sot
3010,sot
3011,ven
3012,zul
3013,sot
3014,afr
3015,afr
3016,xho
3017,zul
3018,ssw
3019,xho
3020,sot
3021,eng
3022,sot
3023,xho
3024,nso
3025,xho
3026,afr
3027,sot
3028,xho
3029,ven
3030,tso
3031,xho
3032,ssw
3033,tso
3034,afr
3035,sot
3036,sot
3037,xho
3038,zul
3039,zul
3040,eng
3041,xho
3042,nso
3043,xho
3044,ven
3045,zul
3046,zul
3047,ssw
3048,afr
3049,xho
3050,nso
3051,tsn
3052,afr
3053,ssw
3054,ven
3055,xho
3056,xho
3057,nso
3058,xho
3059,afr
3060,afr
3061,xho
3062,tso
3063,ven
3064,zul
3065,xho
3066,tsn
3067,xho
3068,nso
3069,tsn
3070,nso
3071,ssw
3072,afr
3073,afr
3074,zul
3075,afr
3076,sot
3077,ven
3078,ssw
3079,tsn
3080,eng
3081,ven
3082,afr
3083,eng
3084,tso
3085,nso
3086,ven
3087,sot
3088,ven
3089,zul
3090,eng
3091,nbl
3092,nso
3093,sot
3094,zul
3095,sot
3096,ven
3097,afr
3098,xho
3099,xho
3100,xho
3101,nso
3102,xho
3103,eng
3104,sot
3105,nso
3106,tso
3107,nso
3108,xho
3109,xho
3110,nso
3111,xho
3112,xho
3113,ssw
3114,eng
3115,sot
3116,xho
3117,afr
3118,tso
3119,xho
3120,zul
3121,ven
3122,tsn
3123,xho
3124,sot
3125,ven
3126,xho
3127,sot
3128,zul
3129,xho
3130,zul
3131,afr
3132,ven
3133,zul
3134,eng
3135,xho
3136,nso
3137,tsn
3138,ssw
3139,ven
3140,afr
3141,nso
3142,xho
3143,afr
3144,ssw
3145,ven
3146,xho
3147,tso
3148,afr
3149,ven
3150,ssw
3151,nso
3152,nso
3153,xho
3154,xho
3155,ven
3156,xho
3157,afr
3158,xho
3159,ven
3160,tso
3161,eng
3162,xho
3163,tso
3164,zul
3165,xho
3166,ven
3167,xho
3168,afr
3169,tso
3170,tso
3171,eng
3172,afr
3173,sot
3174,sot
3175,xho
3176,afr
3177,ven
3178,ven
3179,xho
3180,tso
3181,xho
3182,xho
3183,ssw
3184,xho
3185,xho
3186,ven
3187,eng
3188,afr
3189,afr
3190,zul
3191,tsn
3192,tso
3193,xho
3194,nso
3195,xho
3196,xho
3197,xho
3198,sot
3199,xho
3200,sot
3201,xho
3202,sot
3203,eng
3204,afr
3205,nso
3206,afr
3207,afr
3208,tso
3209,zul
3210,nso
3211,xho
3212,xho
3213,eng
3214,xho
3215,xho
3216,ssw
3217,nso
3218,xho
3219,xho
3220,ven
3221,xho
3222,tso
3223,ven
3224,xho
3225,tso
3226,sot
3227,nbl
3228,nso
3229,ven
3230,nso
3231,afr
3232,afr
3233,nbl
3234,nbl
3235,tsn
3236,sot
3237,xho
3238,sot
3239,xho
3240,xho
3241,xho
3242,ven
3243,tso
3244,sot
3245,zul
3246,sot
3247,xho
3248,tso
3249,ven
3250,xho
3251,sot
3252,xho
3253,tsn
3254,tsn
3255,xho
3256,ven
3257,xho
3258,sot
3259,sot
3260,sot
3261,ven
3262,tsn
3263,tso
3264,tso
3265,xho
3266,xho
3267,ssw
3268,xho
3269,xho
3270,tso
3271,sot
3272,sot
3273,xho
3274,afr
3275,zul
3276,nso
3277,xho
3278,xho
3279,xho
3280,zul
3281,zul
3282,nso
3283,tsn
3284,xho
3285,xho
3286,sot
3287,nbl
3288,xho
3289,xho
3290,sot
3291,zul
3292,zul
3293,nso
3294,zul
3295,afr
3296,xho
3297,xho
3298,nbl
3299,tsn
3300,sot
3301,afr
3302,tsn
3303,nso
3304,afr
3305,ven
3306,eng
3307,sot
3308,sot
3309,ven
3310,xho
3311,tsn
3312,nso
3313,sot
3314,nso
3315,nbl
3316,sot
3317,tsn
3318,ssw
3319,afr
3320,nso
3321,zul
3322,eng
3323,sot
3324,ven
3325,afr
3326,sot
3327,nso
3328,nso
3329,xho
3330,afr
3331,xho
3332,tsn
3333,zul
3334,zul
3335,nbl
3336,xho
3337,ven
3338,xho
3339,ven
3340,nso
3341,xho
3342,tso
3343,sot
3344,tso
3345,xho
3346,ven
3347,tso
3348,tso
3349,nso
3350,tso
3351,ven
3352,ven
3353,xho
3354,tso
3355,tsn
3356,sot
3357,afr
3358,tso
3359,nso
3360,nso
3361,xho
3362,xho
3363,ven
3364,xho
3365,ven
3366,sot
3367,xho
3368,xho
3369,tso
3370,zul
3371,sot
3372,xho
3373,ven
3374,ven
3375,tso
3376,tso
3377,xho
3378,eng
3379,afr
3380,sot
3381,xho
3382,nso
3383,nso
3384,xho
3385,nso
3386,xho
3387,ssw
3388,afr
3389,tso
3390,sot
3391,zul
3392,xho
3393,nso
3394,ven
3395,xho
3396,ven
3397,sot
3398,zul
3399,xho
3400,xho
3401,nbl
3402,ven
3403,sot
3404,xho
3405,ssw
3406,xho
3407,sot
3408,xho
3409,nso
3410,xho
3411,ven
3412,eng
3413,eng
3414,afr
3415,xho
3416,xho
3417,nbl
3418,xho
3419,nso
3420,ven
3421,nso
3422,ssw
3423,zul
3424,ssw
3425,tsn
3426,nso
3427,sot
3428,nso
3429,xho
3430,afr
3431,xho
3432,xho
3433,zul
3434,xho
3435,nso
3436,nbl
3437,xho
3438,afr
3439,xho
3440,tso
3441,sot
3442,xho
3443,ven
3444,ven
3445,tso
3446,xho
3447,xho
3448,xho
3449,sot
3450,zul
3451,xho
3452,xho
3453,afr
3454,xho
3455,sot
3456,xho
3457,xho
3458,xho
3459,ssw
3460,nbl
3461,zul
3462,ssw
3463,eng
3464,sot
3465,zul
3466,ven
3467,afr
3468,tso
3469,ssw
3470,sot
3471,nbl
3472,zul
3473,afr
3474,tso
3475,xho
3476,afr
3477,afr
3478,tsn
3479,afr
3480,tsn
3481,nso
3482,nbl
3483,nso
3484,xho
3485,sot
3486,xho
3487,ven
3488,xho
3489,eng
3490,xho
3491,xho
3492,xho
3493,xho
3494,xho
3495,xho
3496,xho
3497,tsn
3498,sot
3499,tsn
3500,afr
3501,zul
3502,zul
3503,xho
3504,xho
3505,ven
3506,sot
3507,ven
3508,ven
3509,sot
3510,ven
3511,sot
3512,xho
3513,nbl
3514,xho
3515,nso
3516,zul
3517,ven
3518,nbl
3519,ven
3520,tso
3521,afr
3522,ven
3523,sot
3524,nbl
3525,xho
3526,nso
3527,xho
3528,zul
3529,nso
3530,afr
3531,ven
3532,xho
3533,sot
3534,ven
3535,sot
3536,nso
3537,ven
3538,sot
3539,xho
3540,tsn
3541,xho
3542,sot
3543,xho
3544,xho
3545,tso
3546,xho
3547,nso
3548,xho
3549,nbl
3550,eng
3551,eng
3552,xho
3553,tso
3554,xho
3555,xho
3556,xho
3557,xho
3558,xho
3559,afr
3560,sot
3561,nso
3562,afr
3563,afr
3564,nso
3565,nso
3566,nso
3567,afr
3568,tso
3569,sot
3570,ssw
3571,xho
3572,nso
3573,afr
3574,xho
3575,nso
3576,nbl
3577,ven
3578,afr
3579,ven
3580,nso
3581,eng
3582,sot
3583,afr
3584,tso
3585,xho
3586,xho
3587,ven
3588,xho
3589,afr
3590,ven
3591,sot
3592,sot
3593,xho
3594,ven
3595,tso
3596,xho
3597,tso
3598,nso
3599,afr
3600,xho
3601,sot
3602,sot
3603,xho
3604,tso
3605,tso
3606,afr
3607,sot
3608,zul
3609,nso
3610,tsn
3611,tso
3612,eng
3613,sot
3614,afr
3615,xho
3616,xho
3617,eng
3618,nbl
3619,xho
3620,ssw
3621,eng
3622,ven
3623,nso
3624,nbl
3625,xho
3626,sot
3627,nso
3628,afr
3629,sot
3630,nso
3631,afr
3632,sot
3633,afr
3634,eng
3635,tso
3636,eng
3637,xho
3638,xho
3639,sot
3640,xho
3641,sot
3642,tso
3643,xho
3644,afr
3645,afr
3646,sot
3647,sot
3648,zul
3649,xho
3650,eng
3651,tso
3652,nso
3653,nso
3654,tsn
3655,ssw
3656,sot
3657,nso
3658,sot
3659,ssw
3660,zul
3661,nso
3662,xho
3663,zul
3664,tsn
3665,sot
3666,nso
3667,xho
3668,xho
3669,ssw
3670,tso
3671,xho
3672,tso
3673,tsn
3674,nbl
3675,sot
3676,xho
3677,ssw
3678,zul
3679,xho
3680,ven
3681,nbl
3682,xho
3683,sot
3684,tso
3685,eng
3686,sot
3687,sot
3688,ven
3689,sot
3690,sot
3691,ven
3692,xho
3693,tsn
3694,xho
3695,sot
3696,sot
3697,ssw
3698,tso
3699,ven
3700,zul
3701,ven
3702,xho
3703,tso
3704,nso
3705,xho
3706,xho
3707,zul
3708,tso
3709,afr
3710,sot
3711,xho
3712,tso
3713,eng
3714,xho
3715,xho
3716,nbl
3717,afr
3718,sot
3719,sot
3720,xho
3721,xho
3722,xho
3723,zul
3724,xho
3725,ssw
3726,afr
3727,tsn
3728,afr
3729,tsn
3730,sot
3731,ssw
3732,ven
3733,xho
3734,xho
3735,xho
3736,nso
3737,afr
3738,xho
3739,xho
3740,nbl
3741,sot
3742,sot
3743,eng
3744,xho
3745,tsn
3746,zul
3747,nbl
3748,nso
3749,sot
3750,nbl
3751,xho
3752,afr
3753,nso
3754,tsn
3755,nbl
3756,sot
3757,sot
3758,sot
3759,xho
3760,nso
3761,xho
3762,nso
3763,sot
3764,nso
3765,nso
3766,xho
3767,zul
3768,xho
3769,eng
3770,nso
3771,sot
3772,xho
3773,eng
3774,sot
3775,afr
3776,xho
3777,zul
3778,ssw
3779,xho
3780,xho
3781,nbl
3782,sot
3783,sot
3784,nso
3785,xho
3786,afr
3787,zul
3788,xho
3789,zul
3790,xho
3791,xho
3792,zul
3793,tsn
3794,ven
3795,afr
3796,nso
3797,nso
3798,ssw
3799,nbl
3800,ven
3801,xho
3802,xho
3803,sot
3804,xho
3805,tso
3806,tsn
3807,tsn
3808,ssw
3809,xho
3810,tsn
3811,sot
3812,nso
3813,xho
3814,nbl
3815,ssw
3816,nso
3817,ssw
3818,xho
3819,zul
3820,nso
3821,tsn
3822,eng
3823,eng
3824,nso
3825,xho
3826,xho
3827,sot
3828,afr
3829,tsn
3830,nso
3831,ssw
3832,xho
3833,nbl
3834,xho
3835,tsn
3836,sot
3837,nbl
3838,xho
3839,eng
3840,tsn
3841,nso
3842,xho
3843,tsn
3844,ven
3845,zul
3846,ven
3847,ven
3848,sot
3849,sot
3850,xho
3851,sot
3852,tsn
3853,ven
3854,xho
3855,nso
3856,tsn
3857,nso
3858,afr
3859,sot
3860,tso
3861,zul
3862,afr
3863,xho
3864,xho
3865,ssw
3866,afr
3867,afr
3868,nso
3869,ven
3870,xho
3871,nbl
3872,xho
3873,ssw
3874,ssw
3875,afr
3876,eng
3877,ven
3878,xho
3879,xho
3880,zul
3881,nso
3882,xho
3883,sot
3884,tsn
3885,sot
3886,ven
3887,tsn
3888,xho
3889,sot
3890,afr
3891,zul
3892,nso
3893,xho
3894,sot
3895,nso
3896,ssw
3897,xho
3898,tso
3899,eng
3900,ven
3901,afr
3902,nso
3903,eng
3904,tsn
3905,sot
3906,nso
3907,nso
3908,xho
3909,xho
3910,xho
3911,zul
3912,xho
3913,tsn
3914,zul
3915,afr
3916,sot
3917,xho
3918,nso
3919,nso
3920,tso
3921,ssw
3922,xho
3923,tsn
3924,ven
3925,xho
3926,xho
3927,xho
3928,nso
3929,xho
3930,xho
3931,xho
3932,xho
3933,sot
3934,nso
3935,sot
3936,xho
3937,xho
3938,tso
3939,afr
3940,ven
3941,xho
3942,ven
3943,zul
3944,tso
3945,xho
3946,nso
3947,sot
3948,zul
3949,xho
3950,sot
3951,tsn
3952,nbl
3953,sot
3954,afr
3955,xho
3956,afr
3957,xho
3958,afr
3959,eng
3960,ven
3961,tso
3962,xho
3963,ven
3964,nso
3965,tsn
3966,xho
3967,sot
3968,xho
3969,zul
3970,nso
3971,xho
3972,xho
3973,nso
3974,sot
3975,ssw
3976,tsn
3977,tsn
3978,nso
3979,tsn
3980,nso
3981,tso
3982,ssw
3983,afr
3984,nso
3985,sot
3986,ven
3987,xho
3988,xho
3989,xho
3990,eng
3991,ven
3992,xho
3993,afr
3994,xho
3995,ven
3996,ven
3997,tsn
3998,xho
3999,nso
4000,ven
4001,tso
4002,zul
4003,xho
4004,nbl
4005,zul
4006,nso
4007,xho
4008,xho
4009,ven
4010,nso
4011,xho
4012,tso
4013,xho
4014,sot
4015,tso
4016,nbl
4017,zul
4018,ssw
4019,nbl
4020,xho
4021,xho
4022,afr
4023,xho
4024,tso
4025,ssw
4026,xho
4027,xho
4028,zul
4029,xho
4030,nbl
4031,sot
4032,zul
4033,afr
4034,afr
4035,nso
4036,xho
4037,afr
4038,sot
4039,nbl
4040,sot
4041,ssw
4042,xho
4043,xho
4044,xho
4045,ven
4046,ven
4047,xho
4048,sot
4049,xho
4050,xho
4051,xho
4052,afr
4053,nbl
4054,ven
4055,sot
4056,afr
4057,tsn
4058,ven
4059,ssw
4060,afr
4061,ven
4062,ven
4063,zul
4064,xho
4065,sot
4066,xho
4067,zul
4068,afr
4069,tso
4070,sot
4071,zul
4072,xho
4073,nso
4074,xho
4075,nso
4076,tsn
4077,ven
4078,xho
4079,afr
4080,sot
4081,xho
4082,afr
4083,sot
4084,nso
4085,tso
4086,afr
4087,tso
4088,sot
4089,xho
4090,tso
4091,xho
4092,ssw
4093,tsn
4094,sot
4095,xho
4096,afr
4097,tsn
4098,xho
4099,afr
4100,sot
4101,sot
4102,ven
4103,xho
4104,tsn
4105,sot
4106,xho
4107,xho
4108,afr
4109,xho
4110,xho
4111,xho
4112,afr
4113,sot
4114,xho
4115,ven
4116,xho
4117,nso
4118,xho
4119,ven
4120,ven
4121,afr
4122,nso
4123,zul
4124,xho
4125,sot
4126,zul
4127,tsn
4128,sot
4129,tsn
4130,nso
4131,xho
4132,afr
4133,sot
4134,nso
4135,tso
4136,afr
4137,xho
4138,eng
4139,ssw
4140,tsn
4141,xho
4142,ssw
4143,nso
4144,sot
4145,xho
4146,sot
4147,xho
4148,sot
4149,sot
4150,afr
4151,nso
4152,eng
4153,sot
4154,sot
4155,afr
4156,afr
4157,afr
4158,xho
4159,nbl
4160,afr
4161,xho
4162,nso
4163,zul
4164,tso
4165,tso
4166,ven
4167,tso
4168,xho
4169,nso
4170,sot
4171,tsn
4172,eng
4173,xho
4174,nbl
4175,xho
4176,ven
4177,sot
4178,tso
4179,tsn
4180,sot
4181,ven
4182,xho
4183,tso
4184,xho
4185,sot
4186,sot
4187,sot
4188,xho
4189,afr
4190,xho
4191,nso
4192,xho
4193,xho
4194,afr
4195,tsn
4196,xho
4197,eng
4198,afr
4199,xho
4200,xho
4201,nso
4202,nso
4203,nso
4204,xho
4205,xho
4206,ven
4207,nso
4208,xho
4209,zul
4210,xho
4211,sot
4212,xho
4213,nbl
4214,xho
4215,ven
4216,xho
4217,tso
4218,ven
4219,xho
4220,zul
4221,nso
4222,nbl
4223,nso
4224,xho
4225,afr
4226,xho
4227,xho
4228,xho
4229,ven
4230,xho
4231,zul
4232,xho
4233,tso
4234,xho
4235,sot
4236,afr
4237,sot
4238,tso
4239,nso
4240,afr
4241,nso
4242,ven
4243,sot
4244,tso
4245,zul
4246,ven
4247,xho
4248,eng
4249,afr
4250,tsn
4251,xho
4252,tso
4253,ven
4254,xho
4255,ven
4256,tsn
4257,nbl
4258,sot
4259,xho
4260,ven
4261,xho
4262,ven
4263,nso
4264,afr
4265,tsn
4266,nso
4267,afr
4268,xho
4269,zul
4270,xho
4271,xho
4272,zul
4273,xho
4274,nso
4275,zul
4276,ven
4277,xho
4278,xho
4279,tsn
4280,xho
4281,ven
4282,sot
4283,ven
4284,eng
4285,ssw
4286,xho
4287,xho
4288,xho
4289,xho
4290,zul
4291,ven
4292,xho
4293,xho
4294,nbl
4295,xho
4296,tso
4297,tsn
4298,tsn
4299,tso
4300,ven
4301,sot
4302,nso
4303,tsn
4304,nso
4305,nso
4306,afr
4307,afr
4308,afr
4309,xho
4310,tso
4311,sot
4312,sot
4313,xho
4314,xho
4315,afr
4316,ven
4317,tso
4318,tsn
4319,nso
4320,eng
4321,ven
4322,tsn
4323,ven
4324,eng
4325,xho
4326,nso
4327,xho
4328,sot
4329,ven
4330,nso
4331,xho
4332,ven
4333,tsn
4334,xho
4335,nso
4336,eng
4337,sot
4338,ven
4339,ven
4340,eng
4341,zul
4342,afr
4343,xho
4344,xho
4345,tso
4346,ssw
4347,sot
4348,xho
4349,nso
4350,afr
4351,xho
4352,zul
4353,afr
4354,tso
4355,xho
4356,sot
4357,sot
4358,ven
4359,sot
4360,afr
4361,nso
4362,sot
4363,afr
4364,xho
4365,sot
4366,afr
4367,zul
4368,nso
4369,nbl
4370,tsn
4371,xho
4372,afr
4373,sot
4374,eng
4375,nso
4376,zul
4377,ven
4378,nso
4379,sot
4380,sot
4381,ssw
4382,ven
4383,tso
4384,ven
4385,xho
4386,afr
4387,tsn
4388,xho
4389,afr
4390,afr
4391,afr
4392,nso
4393,nbl
4394,xho
4395,zul
4396,xho
4397,afr
4398,eng
4399,tso
4400,afr
4401,nso
4402,afr
4403,nso
4404,xho
4405,afr
4406,nso
4407,nso
4408,xho
4409,xho
4410,nso
4411,afr
4412,tso
4413,ven
4414,ven
4415,zul
4416,nso
4417,afr
4418,ssw
4419,sot
4420,xho
4421,ssw
4422,xho
4423,sot
4424,tsn
4425,nso
4426,eng
4427,ven
4428,nso
4429,ven
4430,sot
4431,xho
4432,sot
4433,afr
4434,tso
4435,afr
4436,afr
4437,nso
4438,xho
4439,xho
4440,tso
4441,xho
4442,eng
4443,ven
4444,tsn
4445,nso
4446,nso
4447,nbl
4448,ssw
4449,sot
4450,ven
4451,tso
4452,nbl
4453,zul
4454,ven
4455,zul
4456,afr
4457,xho
4458,zul
4459,tsn
4460,ven
4461,nso
4462,afr
4463,afr
4464,tso
4465,xho
4466,ven
4467,xho
4468,ven
4469,tso
4470,ven
4471,xho
4472,afr
4473,tso
4474,nso
4475,afr
4476,xho
4477,nbl
4478,nso
4479,ven
4480,xho
4481,xho
4482,nso
4483,nso
4484,tsn
4485,xho
4486,xho
4487,sot
4488,xho
4489,sot
4490,ssw
4491,tsn
4492,tso
4493,ven
4494,xho
4495,afr
4496,ven
4497,ven
4498,afr
4499,ssw
4500,nso
4501,ssw
4502,xho
4503,xho
4504,tsn
4505,sot
4506,ven
4507,xho
4508,xho
4509,ven
4510,sot
4511,xho
4512,xho
4513,nbl
4514,tso
4515,zul
4516,tsn
4517,xho
4518,sot
4519,xho
4520,tsn
4521,sot
4522,xho
4523,ven
4524,ven
4525,zul
4526,tsn
4527,sot
4528,tsn
4529,ven
4530,xho
4531,xho
4532,xho
4533,ssw
4534,tsn
4535,afr
4536,ven
4537,nso
4538,afr
4539,tsn
4540,eng
4541,xho
4542,afr
4543,afr
4544,ssw
4545,tso
4546,nso
4547,sot
4548,ven
4549,eng
4550,sot
4551,zul
4552,afr
4553,sot
4554,xho
4555,xho
4556,xho
4557,tso
4558,tso
4559,ven
4560,sot
4561,tsn
4562,nso
4563,eng
4564,sot
4565,sot
4566,sot
4567,sot
4568,ven
4569,xho
4570,sot
4571,tsn
4572,ven
4573,afr
4574,xho
4575,ssw
4576,sot
4577,zul
4578,xho
4579,zul
4580,xho
4581,tso
4582,tso
4583,sot
4584,tsn
4585,sot
4586,sot
4587,ssw
4588,sot
4589,xho
4590,nso
4591,sot
4592,zul
4593,tso
4594,ven
4595,xho
4596,tsn
4597,ven
4598,eng
4599,sot
4600,afr
4601,nso
4602,ven
4603,sot
4604,tsn
4605,xho
4606,tso
4607,ssw
4608,afr
4609,xho
4610,tsn
4611,afr
4612,sot
4613,tso
4614,afr
4615,afr
4616,xho
4617,eng
4618,tsn
4619,sot
4620,xho
4621,sot
4622,zul
4623,ssw
4624,xho
4625,nbl
4626,xho
4627,ven
4628,afr
4629,tso
4630,sot
4631,tsn
4632,xho
4633,eng
4634,ven
4635,tsn
4636,xho
4637,xho
4638,eng
4639,sot
4640,nbl
4641,tsn
4642,nso
4643,tso
4644,tso
4645,nso
4646,nso
4647,nso
4648,xho
4649,ven
4650,nbl
4651,xho
4652,sot
4653,ven
4654,afr
4655,nso
4656,sot
4657,xho
4658,ssw
4659,tso
4660,xho
4661,zul
4662,xho
4663,xho
4664,xho
4665,afr
4666,eng
4667,zul
4668,sot
4669,afr
4670,xho
4671,zul
4672,nso
4673,ven
4674,xho
4675,xho
4676,xho
4677,xho
4678,zul
4679,xho
4680,tso
4681,xho
4682,zul
4683,zul
4684,ven
4685,xho
4686,afr
4687,sot
4688,sot
4689,xho
4690,tso
4691,nbl
4692,xho
4693,nso
4694,ssw
4695,ven
4696,sot
4697,sot
4698,xho
4699,xho
4700,ssw
4701,afr
4702,ssw
4703,tsn
4704,zul
4705,tso
4706,xho
4707,ven
4708,sot
4709,tsn
4710,nbl
4711,afr
4712,xho
4713,nso
4714,afr
4715,afr
4716,xho
4717,xho
4718,xho
4719,xho
4720,nbl
4721,afr
4722,nso
4723,xho
4724,xho
4725,sot
4726,xho
4727,zul
4728,sot
4729,tsn
4730,xho
4731,nso
4732,xho
4733,nso
4734,eng
4735,xho
4736,xho
4737,tso
4738,tsn
4739,zul
4740,tso
4741,nso
4742,sot
4743,sot
4744,xho
4745,ssw
4746,sot
4747,xho
4748,nso
4749,xho
4750,xho
4751,afr
4752,zul
4753,sot
4754,sot
4755,nso
4756,afr
4757,nso
4758,sot
4759,xho
4760,sot
4761,nso
4762,tsn
4763,tsn
4764,sot
4765,tsn
4766,nso
4767,sot
4768,xho
4769,sot
4770,ven
4771,eng
4772,xho
4773,sot
4774,ssw
4775,eng
4776,nso
4777,nso
4778,sot
4779,nbl
4780,nbl
4781,nso
4782,ven
4783,xho
4784,afr
4785,afr
4786,tso
4787,xho
4788,ven
4789,xho
4790,sot
4791,zul
4792,afr
4793,nbl
4794,xho
4795,nso
4796,xho
4797,ven
4798,tso
4799,nso
4800,afr
4801,xho
4802,nso
4803,xho
4804,eng
4805,zul
4806,eng
4807,ven
4808,nso
4809,xho
4810,afr
4811,xho
4812,xho
4813,xho
4814,nbl
4815,nso
4816,tso
4817,ven
4818,tso
4819,sot
4820,xho
4821,nbl
4822,nso
4823,xho
4824,sot
4825,sot
4826,afr
4827,afr
4828,nbl
4829,nso
4830,ssw
4831,sot
4832,xho
4833,xho
4834,ssw
4835,sot
4836,zul
4837,tsn
4838,sot
4839,nbl
4840,xho
4841,xho
4842,xho
4843,zul
4844,xho
4845,xho
4846,xho
4847,tso
4848,afr
4849,tso
4850,xho
4851,afr
4852,sot
4853,sot
4854,nbl
4855,nso
4856,xho
4857,nso
4858,xho
4859,ven
4860,afr
4861,afr
4862,afr
4863,ssw
4864,nso
4865,sot
4866,xho
4867,tsn
4868,zul
4869,zul
4870,xho
4871,xho
4872,sot
4873,ven
4874,xho
4875,ven
4876,zul
4877,zul
4878,ven
4879,xho
4880,tsn
4881,xho
4882,afr
4883,xho
4884,nbl
4885,sot
4886,tso
4887,xho
4888,nso
4889,xho
4890,xho
4891,zul
4892,eng
4893,xho
4894,ven
4895,zul
4896,afr
4897,xho
4898,nbl
4899,nso
4900,tso
4901,eng
4902,ssw
4903,xho
4904,afr
4905,zul
4906,tso
4907,xho
4908,sot
4909,nso
4910,xho
4911,sot
4912,sot
4913,xho
4914,nso
4915,nso
4916,xho
4917,xho
4918,nso
4919,nbl
4920,nso
4921,afr
4922,nbl
4923,tso
4924,tso
4925,afr
4926,afr
4927,ven
4928,xho
4929,ven
4930,ssw
4931,nbl
4932,zul
4933,ven
4934,xho
4935,ven
4936,eng
4937,xho
4938,ssw
4939,ssw
4940,nso
4941,ven
4942,nso
4943,ssw
4944,eng
4945,xho
4946,ven
4947,xho
4948,tso
4949,afr
4950,xho
4951,eng
4952,afr
4953,nso
4954,xho
4955,nso
4956,tso
4957,nso
4958,sot
4959,xho
4960,eng
4961,nso
4962,xho
4963,nso
4964,afr
4965,sot
4966,xho
4967,nbl
4968,xho
4969,sot
4970,nso
4971,nso
4972,nso
4973,xho
4974,eng
4975,afr
4976,tso
4977,tso
4978,ven
4979,xho
4980,zul
4981,zul
4982,xho
4983,tso
4984,xho
4985,xho
4986,nso
4987,ven
4988,afr
4989,ven
4990,afr
4991,nso
4992,ssw
4993,xho
4994,xho
4995,afr
4996,xho
4997,xho
4998,tsn
4999,afr
5000,eng
5001,tsn
5002,ven
5003,tsn
5004,sot
5005,afr
5006,sot
5007,xho
5008,xho
5009,ven
5010,xho
5011,xho
5012,sot
5013,ven
5014,nso
5015,tso
5016,sot
5017,zul
5018,ssw
5019,xho
5020,nso
5021,xho
5022,zul
5023,nbl
5024,xho
5025,tso
5026,xho
5027,tsn
5028,eng
5029,xho
5030,sot
5031,ven
5032,sot
5033,afr
5034,afr
5035,xho
5036,xho
5037,xho
5038,eng
5039,ssw
5040,tso
5041,ssw
5042,afr
5043,sot
5044,xho
5045,nso
5046,ssw
5047,xho
5048,xho
5049,eng
5050,sot
5051,xho
5052,sot
5053,sot
5054,tso
5055,ven
5056,nbl
5057,afr
5058,xho
5059,zul
5060,xho
5061,sot
5062,ssw
5063,sot
5064,xho
5065,nbl
5066,ven
5067,sot
5068,ssw
5069,sot
5070,nso
5071,afr
5072,zul
5073,ven
5074,ssw
5075,nso
5076,afr
5077,eng
5078,afr
5079,ven
5080,xho
5081,zul
5082,xho
5083,xho
5084,ven
5085,tso
5086,xho
5087,sot
5088,xho
5089,xho
5090,xho
5091,xho
5092,afr
5093,xho
5094,sot
5095,afr
5096,eng
5097,ssw
5098,xho
5099,afr
5100,xho
5101,afr
5102,xho
5103,tsn
5104,tsn
5105,afr
5106,sot
5107,sot
5108,ven
5109,tsn
5110,xho
5111,nbl
5112,tsn
5113,sot
5114,afr
5115,nbl
5116,sot
5117,xho
5118,tsn
5119,afr
5120,sot
5121,ven
5122,xho
5123,sot
5124,xho
5125,afr
5126,afr
5127,zul
5128,ssw
5129,ven
5130,xho
5131,afr
5132,tsn
5133,ssw
5134,tso
5135,nbl
5136,xho
5137,xho
5138,tsn
5139,xho
5140,tso
5141,xho
5142,xho
5143,eng
5144,sot
5145,tso
5146,afr
5147,nso
5148,ven
5149,xho
5150,xho
5151,afr
5152,xho
5153,nso
5154,tso
5155,xho
5156,sot
5157,sot
5158,ssw
5159,eng
5160,ssw
5161,nso
5162,tsn
5163,sot
5164,ven
5165,eng
5166,nso
5167,tso
5168,zul
5169,nso
5170,xho
5171,nso
5172,xho
5173,xho
5174,zul
5175,afr
5176,tso
5177,sot
5178,ven
5179,sot
5180,zul
5181,tso
5182,afr
5183,afr
5184,sot
5185,sot
5186,sot
5187,sot
5188,nso
5189,xho
5190,tsn
5191,xho
5192,xho
5193,xho
5194,xho
5195,xho
5196,ven
5197,xho
5198,xho
5199,sot
5200,xho
5201,nbl
5202,nso
5203,xho
5204,afr
5205,afr
5206,afr
5207,sot
5208,nbl
5209,tso
5210,ven
5211,xho
5212,tso
5213,ven
5214,sot
5215,nso
5216,xho
5217,afr
5218,afr
5219,ven
5220,xho
5221,xho
5222,xho
5223,xho
5224,tso
5225,xho
5226,afr
5227,nso
5228,nso
5229,xho
5230,afr
5231,tso
5232,sot
5233,sot
5234,tso
5235,nso
5236,xho
5237,xho
5238,ven
5239,tsn
5240,afr
5241,nso
5242,ven
5243,sot
5244,tso
5245,xho
5246,nso
5247,xho
5248,nso
5249,xho
5250,ssw
5251,xho
5252,xho
5253,afr
5254,sot
5255,xho
5256,zul
5257,sot
5258,nso
5259,zul
5260,nso
5261,afr
5262,xho
5263,tsn
5264,tso
5265,nso
5266,xho
5267,xho
5268,ven
5269,tsn
5270,ven
5271,sot
5272,eng
5273,xho
5274,tsn
5275,ssw
5276,sot
5277,afr
5278,ven
5279,sot
5280,afr
5281,zul
5282,ssw
5283,nbl
5284,nso
5285,tsn
5286,sot
5287,tsn
5288,tsn
5289,tso
5290,sot
5291,xho
5292,sot
5293,xho
5294,ven
5295,xho
5296,xho
5297,tso
5298,nso
5299,afr
5300,xho
5301,xho
5302,ssw
5303,ssw
5304,afr
5305,xho
5306,afr
5307,afr
5308,nso
5309,nso
5310,sot
5311,xho
5312,xho
5313,xho
5314,nbl
5315,zul
5316,afr
5317,xho
5318,sot
5319,sot
5320,xho
5321,xho
5322,eng
5323,eng
5324,xho
5325,ven
5326,sot
5327,afr
5328,xho
5329,ven
5330,xho
5331,zul
5332,tsn
5333,xho
5334,nbl
5335,sot
5336,nso
5337,afr
5338,ven
5339,xho
5340,xho
5341,xho
5342,xho
5343,sot
5344,sot
5345,xho
5346,ssw
5347,xho
5348,xho
5349,ven
5350,xho
5351,xho
5352,sot
5353,sot
5354,ssw
5355,nso
5356,xho
5357,nbl
5358,zul
5359,xho
5360,xho
5361,nso
5362,xho
5363,xho
5364,nso
5365,nbl
5366,sot
5367,zul
5368,ven
5369,nso
5370,afr
5371,xho
5372,afr
5373,tso
5374,ven
5375,sot
5376,sot
5377,xho
5378,tso
5379,eng
5380,xho
5381,xho
5382,sot
5383,eng
5384,ven
5385,nbl
5386,sot
5387,xho
5388,sot
5389,ssw
5390,ven
5391,tso
5392,sot
5393,sot
5394,sot
5395,sot
5396,ven
5397,sot
5398,xho
5399,xho
5400,sot
5401,xho
5402,sot
5403,nso
5404,tsn
5405,xho
5406,nbl
5407,ssw
5408,nbl
5409,sot
5410,xho
5411,sot
5412,xho
5413,ven
5414,tsn
5415,ven
5416,ven
5417,nbl
5418,xho
5419,afr
5420,xho
5421,nso
5422,xho
5423,ssw
5424,xho
5425,sot
5426,afr
5427,tsn
5428,xho
5429,tsn
5430,nso
5431,xho
5432,xho
5433,xho
5434,zul
5435,afr
5436,afr
5437,eng
5438,xho
5439,ven
5440,zul
5441,sot
5442,ven
5443,ssw
5444,xho
5445,sot
5446,afr
5447,afr
5448,sot
5449,xho
5450,tso
5451,zul
5452,xho
5453,zul
5454,nso
5455,sot
5456,afr
5457,tso
5458,ven
5459,sot
5460,sot
5461,afr
5462,ven
5463,nso
5464,zul
5465,tso
5466,xho
5467,nso
5468,nbl
5469,ven
5470,sot
5471,xho
5472,ven
5473,tsn
5474,nso
5475,sot
5476,zul
5477,xho
5478,sot
5479,tso
5480,nso
5481,nso
5482,nso
5483,sot
5484,afr
5485,eng
5486,zul
5487,ssw
5488,tso
5489,xho
5490,tsn
5491,nbl
5492,sot
5493,tsn
5494,xho
5495,nso
5496,ven
5497,sot
5498,ven
5499,tso
5500,tsn
5501,sot
5502,sot
5503,sot
5504,eng
5505,afr
5506,sot
5507,sot
5508,nso
5509,afr
5510,sot
5511,xho
5512,eng
5513,nso
5514,tsn
5515,zul
5516,ssw
5517,nso
5518,xho
5519,afr
5520,ven
5521,sot
5522,zul
5523,xho
5524,xho
5525,xho
5526,ven
5527,nso
5528,xho
5529,sot
5530,zul
5531,sot
5532,nso
5533,tsn
5534,xho
5535,afr
5536,xho
5537,ven
5538,sot
5539,tso
5540,nbl
5541,ven
5542,afr
5543,xho
5544,sot
5545,nso
5546,ven
5547,sot
5548,xho
5549,xho
5550,afr
5551,nso
5552,xho
5553,afr
5554,xho
5555,ven
5556,zul
5557,tsn
5558,sot
5559,nbl
5560,ven
5561,tsn
5562,xho
5563,nso
5564,afr
5565,afr
5566,nso
5567,nso
5568,tso
5569,zul
5570,ven
5571,tso
5572,ven
5573,ven
5574,sot
5575,xho
5576,xho
5577,tso
5578,xho
5579,ven
5580,sot
5581,xho
5582,xho
5583,xho
5584,xho
5585,zul
5586,sot
5587,xho
5588,xho
5589,xho
5590,tso
5591,sot
5592,nso
5593,xho
5594,xho
5595,xho
5596,afr
5597,tsn
5598,nbl
5599,nso
5600,xho
5601,afr
5602,nso
5603,tso
5604,sot
5605,ven
5606,zul
5607,tsn
5608,sot
5609,xho
5610,nso
5611,afr
5612,sot
5613,afr
5614,nso
5615,zul
5616,ssw
5617,ven
5618,tso
5619,ven
5620,xho
5621,sot
5622,xho
5623,xho
5624,tsn
5625,xho
5626,xho
5627,afr
5628,sot
5629,afr
5630,sot
5631,sot
5632,ssw
5633,nso
5634,xho
5635,tso
5636,zul
5637,xho
5638,ssw
5639,zul
5640,xho
5641,tsn
5642,nso
5643,xho
5644,nbl
5645,xho
5646,tso
5647,tsn
5648,xho
5649,nso
5650,xho
5651,tsn
5652,tsn
5653,nbl
5654,sot
5655,nso
5656,tsn
5657,ven
5658,nso
5659,xho
5660,ven
5661,xho
5662,zul
5663,xho
5664,afr
5665,ven
5666,afr
5667,xho
5668,xho
5669,nbl
5670,nbl
5671,eng
5672,sot
5673,afr
5674,ven
5675,xho
5676,ven
5677,tsn
5678,xho
5679,nso
5680,sot
5681,sot
5682,nbl
